,iou,detect
TCGA_HT_7881_19981015_1.tif,100,All_TN
TCGA_HT_7881_19981015_10.tif,100,All_TN
TCGA_HT_7881_19981015_11.tif,100,All_TN
TCGA_HT_7881_19981015_12.tif,100,All_TN
TCGA_HT_7881_19981015_13.tif,100,All_TN
TCGA_HT_7881_19981015_14.tif,100,All_TN
TCGA_HT_7881_19981015_15.tif,100,All_TN
TCGA_HT_7881_19981015_16.tif,100,All_TN
TCGA_HT_7881_19981015_17.tif,100,All_TN
TCGA_HT_7881_19981015_18.tif,100,All_TN
TCGA_HT_7881_19981015_19.tif,100,All_TN
TCGA_HT_7881_19981015_2.tif,100,All_TN
TCGA_HT_7881_19981015_20.tif,100,All_TN
TCGA_HT_7881_19981015_21.tif,100,All_TN
TCGA_HT_7881_19981015_22.tif,100,All_TN
TCGA_HT_7881_19981015_23.tif,11.452031114952463,Detect
TCGA_HT_7881_19981015_24.tif,34.80565371024735,Detect
TCGA_HT_7881_19981015_25.tif,67.34434561626429,Detect
TCGA_HT_7881_19981015_26.tif,79.00128040973111,Detect
TCGA_HT_7881_19981015_27.tif,83.8477366255144,Detect
TCGA_HT_7881_19981015_28.tif,83.80281690140845,Detect
TCGA_HT_7881_19981015_29.tif,89.03394255874673,Detect
TCGA_HT_7881_19981015_3.tif,100,All_TN
TCGA_HT_7881_19981015_30.tif,66.02914389799636,Detect
TCGA_HT_7881_19981015_31.tif,87.71220695230396,Detect
TCGA_HT_7881_19981015_32.tif,60.0,Detect
TCGA_HT_7881_19981015_33.tif,0.0,No_detect
TCGA_HT_7881_19981015_34.tif,80.87349397590361,Detect
TCGA_HT_7881_19981015_35.tif,0.0,No_detect
TCGA_HT_7881_19981015_36.tif,66.99751861042184,Detect
TCGA_HT_7881_19981015_37.tif,58.68945868945868,Detect
TCGA_HT_7881_19981015_38.tif,0.0,NoMis_detect
TCGA_HT_7881_19981015_39.tif,0.0,NoMis_detect
TCGA_HT_7881_19981015_4.tif,100,All_TN
TCGA_HT_7881_19981015_40.tif,100,All_TN
TCGA_HT_7881_19981015_41.tif,100,All_TN
TCGA_HT_7881_19981015_42.tif,100,All_TN
TCGA_HT_7881_19981015_43.tif,100,All_TN
TCGA_HT_7881_19981015_44.tif,100,All_TN
TCGA_HT_7881_19981015_45.tif,100,All_TN
TCGA_HT_7881_19981015_46.tif,100,All_TN
TCGA_HT_7881_19981015_47.tif,100,All_TN
TCGA_HT_7881_19981015_48.tif,100,All_TN
TCGA_HT_7881_19981015_49.tif,100,All_TN
TCGA_HT_7881_19981015_5.tif,100,All_TN
TCGA_HT_7881_19981015_50.tif,100,All_TN
TCGA_HT_7881_19981015_51.tif,100,All_TN
TCGA_HT_7881_19981015_52.tif,100,All_TN
TCGA_HT_7881_19981015_53.tif,100,All_TN
TCGA_HT_7881_19981015_54.tif,100,All_TN
TCGA_HT_7881_19981015_55.tif,100,All_TN
TCGA_HT_7881_19981015_56.tif,100,All_TN
TCGA_HT_7881_19981015_57.tif,100,All_TN
TCGA_HT_7881_19981015_58.tif,100,All_TN
TCGA_HT_7881_19981015_59.tif,100,All_TN
TCGA_HT_7881_19981015_6.tif,100,All_TN
TCGA_HT_7881_19981015_60.tif,100,All_TN
TCGA_HT_7881_19981015_61.tif,100,All_TN
TCGA_HT_7881_19981015_62.tif,100,All_TN
TCGA_HT_7881_19981015_63.tif,100,All_TN
TCGA_HT_7881_19981015_64.tif,100,All_TN
TCGA_HT_7881_19981015_65.tif,100,All_TN
TCGA_HT_7881_19981015_66.tif,100,All_TN
TCGA_HT_7881_19981015_67.tif,100,All_TN
TCGA_HT_7881_19981015_68.tif,100,All_TN
TCGA_HT_7881_19981015_69.tif,100,All_TN
TCGA_HT_7881_19981015_7.tif,100,All_TN
TCGA_HT_7881_19981015_70.tif,100,All_TN
TCGA_HT_7881_19981015_71.tif,100,All_TN
TCGA_HT_7881_19981015_72.tif,100,All_TN
TCGA_HT_7881_19981015_73.tif,100,All_TN
TCGA_HT_7881_19981015_74.tif,100,All_TN
TCGA_HT_7881_19981015_75.tif,100,All_TN
TCGA_HT_7881_19981015_76.tif,100,All_TN
TCGA_HT_7881_19981015_77.tif,0.0,Mis_detect
TCGA_HT_7881_19981015_78.tif,100,All_TN
TCGA_HT_7881_19981015_79.tif,100,All_TN
TCGA_HT_7881_19981015_8.tif,100,All_TN
TCGA_HT_7881_19981015_80.tif,100,All_TN
TCGA_HT_7881_19981015_9.tif,100,All_TN
TCGA_HT_7882_19970125_1.tif,100,All_TN
TCGA_HT_7882_19970125_10.tif,100,All_TN
TCGA_HT_7882_19970125_11.tif,0.0,No_detect
TCGA_HT_7882_19970125_12.tif,79.42992874109264,Detect
TCGA_HT_7882_19970125_13.tif,80.71794871794872,Detect
TCGA_HT_7882_19970125_14.tif,79.9831555306008,Detect
TCGA_HT_7882_19970125_15.tif,82.5742997648065,Detect
TCGA_HT_7882_19970125_16.tif,79.76799056232797,Detect
TCGA_HT_7882_19970125_17.tif,66.92462987886944,Detect
TCGA_HT_7882_19970125_18.tif,82.66454774202091,Detect
TCGA_HT_7882_19970125_19.tif,75.44026653974298,Detect
TCGA_HT_7882_19970125_2.tif,100,All_TN
TCGA_HT_7882_19970125_20.tif,75.08554048916487,Detect
TCGA_HT_7882_19970125_21.tif,73.2657417289221,Detect
TCGA_HT_7882_19970125_22.tif,70.98654708520179,Detect
TCGA_HT_7882_19970125_23.tif,72.75485436893204,Detect
TCGA_HT_7882_19970125_24.tif,71.0016155088853,Detect
TCGA_HT_7882_19970125_25.tif,78.44674029212683,Detect
TCGA_HT_7882_19970125_26.tif,86.5979381443299,Detect
TCGA_HT_7882_19970125_27.tif,82.09366391184572,Detect
TCGA_HT_7882_19970125_28.tif,100,All_TN
TCGA_HT_7882_19970125_29.tif,100,All_TN
TCGA_HT_7882_19970125_3.tif,100,All_TN
TCGA_HT_7882_19970125_30.tif,100,All_TN
TCGA_HT_7882_19970125_31.tif,100,All_TN
TCGA_HT_7882_19970125_32.tif,0.0,Mis_detect
TCGA_HT_7882_19970125_4.tif,100,All_TN
TCGA_HT_7882_19970125_5.tif,100,All_TN
TCGA_HT_7882_19970125_6.tif,100,All_TN
TCGA_HT_7882_19970125_7.tif,100,All_TN
TCGA_HT_7882_19970125_8.tif,100,All_TN
TCGA_HT_7882_19970125_9.tif,100,All_TN
TCGA_HT_7884_19980913_1.tif,100,All_TN
TCGA_HT_7884_19980913_10.tif,78.40236686390533,Detect
TCGA_HT_7884_19980913_11.tif,80.91822094691535,Detect
TCGA_HT_7884_19980913_12.tif,71.84466019417476,Detect
TCGA_HT_7884_19980913_13.tif,100,All_TN
TCGA_HT_7884_19980913_14.tif,100,All_TN
TCGA_HT_7884_19980913_15.tif,100,All_TN
TCGA_HT_7884_19980913_16.tif,100,All_TN
TCGA_HT_7884_19980913_17.tif,100,All_TN
TCGA_HT_7884_19980913_18.tif,100,All_TN
TCGA_HT_7884_19980913_19.tif,100,All_TN
TCGA_HT_7884_19980913_2.tif,100,All_TN
TCGA_HT_7884_19980913_20.tif,100,All_TN
TCGA_HT_7884_19980913_3.tif,100,All_TN
TCGA_HT_7884_19980913_4.tif,100,All_TN
TCGA_HT_7884_19980913_5.tif,100,All_TN
TCGA_HT_7884_19980913_6.tif,81.56146179401993,Detect
TCGA_HT_7884_19980913_7.tif,80.18504240555127,Detect
TCGA_HT_7884_19980913_8.tif,85.9117840684661,Detect
TCGA_HT_7884_19980913_9.tif,78.62258953168045,Detect
TCGA_HT_8018_19970411_1.tif,100,All_TN
TCGA_HT_8018_19970411_10.tif,83.70927318295739,Detect
TCGA_HT_8018_19970411_11.tif,50.57736720554272,Detect
TCGA_HT_8018_19970411_12.tif,100,All_TN
TCGA_HT_8018_19970411_13.tif,100,All_TN
TCGA_HT_8018_19970411_14.tif,100,All_TN
TCGA_HT_8018_19970411_15.tif,100,All_TN
TCGA_HT_8018_19970411_16.tif,100,All_TN
TCGA_HT_8018_19970411_17.tif,100,All_TN
TCGA_HT_8018_19970411_18.tif,100,All_TN
TCGA_HT_8018_19970411_19.tif,100,All_TN
TCGA_HT_8018_19970411_2.tif,100,All_TN
TCGA_HT_8018_19970411_20.tif,100,All_TN
TCGA_HT_8018_19970411_3.tif,0.0,Mis_detect
TCGA_HT_8018_19970411_4.tif,100,All_TN
TCGA_HT_8018_19970411_5.tif,100,All_TN
TCGA_HT_8018_19970411_6.tif,100,All_TN
TCGA_HT_8018_19970411_7.tif,70.62461348175634,Detect
TCGA_HT_8018_19970411_8.tif,78.32866853258696,Detect
TCGA_HT_8018_19970411_9.tif,85.67669172932331,Detect
TCGA_HT_8105_19980826_1.tif,100,All_TN
TCGA_HT_8105_19980826_10.tif,100,All_TN
TCGA_HT_8105_19980826_11.tif,100,All_TN
TCGA_HT_8105_19980826_12.tif,100,All_TN
TCGA_HT_8105_19980826_13.tif,100,All_TN
TCGA_HT_8105_19980826_14.tif,35.06625891946993,Detect
TCGA_HT_8105_19980826_15.tif,49.92805755395683,Detect
TCGA_HT_8105_19980826_16.tif,69.84862527031201,Detect
TCGA_HT_8105_19980826_17.tif,79.52755905511812,Detect
TCGA_HT_8105_19980826_18.tif,83.71749953900056,Detect
TCGA_HT_8105_19980826_19.tif,85.41989463898358,Detect
TCGA_HT_8105_19980826_2.tif,100,All_TN
TCGA_HT_8105_19980826_20.tif,85.16459400146306,Detect
TCGA_HT_8105_19980826_21.tif,89.09361875084677,Detect
TCGA_HT_8105_19980826_22.tif,88.58658685893076,Detect
TCGA_HT_8105_19980826_23.tif,89.07660937955141,Detect
TCGA_HT_8105_19980826_24.tif,88.73792764773285,Detect
TCGA_HT_8105_19980826_25.tif,82.54392666157372,Detect
TCGA_HT_8105_19980826_26.tif,84.28240144292708,Detect
TCGA_HT_8105_19980826_27.tif,82.61552970763911,Detect
TCGA_HT_8105_19980826_28.tif,73.91304347826086,Detect
TCGA_HT_8105_19980826_29.tif,34.07917383820998,Detect
TCGA_HT_8105_19980826_3.tif,100,All_TN
TCGA_HT_8105_19980826_30.tif,5.72737686139748,Detect
TCGA_HT_8105_19980826_31.tif,100,All_TN
TCGA_HT_8105_19980826_32.tif,100,All_TN
TCGA_HT_8105_19980826_4.tif,100,All_TN
TCGA_HT_8105_19980826_5.tif,100,All_TN
TCGA_HT_8105_19980826_6.tif,100,All_TN
TCGA_HT_8105_19980826_7.tif,0.0,Mis_detect
TCGA_HT_8105_19980826_8.tif,0.0,Mis_detect
TCGA_HT_8105_19980826_9.tif,100,All_TN
TCGA_HT_8106_19970727_1.tif,100,All_TN
TCGA_HT_8106_19970727_10.tif,58.435708435708435,Detect
TCGA_HT_8106_19970727_11.tif,78.77991827203736,Detect
TCGA_HT_8106_19970727_12.tif,75.98039215686273,Detect
TCGA_HT_8106_19970727_13.tif,66.49083842309828,Detect
TCGA_HT_8106_19970727_14.tif,73.04942493005906,Detect
TCGA_HT_8106_19970727_15.tif,61.460846676902825,Detect
TCGA_HT_8106_19970727_16.tif,74.76635514018692,Detect
TCGA_HT_8106_19970727_17.tif,78.53982300884957,Detect
TCGA_HT_8106_19970727_18.tif,55.30012771392082,Detect
TCGA_HT_8106_19970727_19.tif,53.86503067484662,Detect
TCGA_HT_8106_19970727_2.tif,100,All_TN
TCGA_HT_8106_19970727_20.tif,0.0,No_detect
TCGA_HT_8106_19970727_21.tif,100,All_TN
TCGA_HT_8106_19970727_22.tif,100,All_TN
TCGA_HT_8106_19970727_3.tif,100,All_TN
TCGA_HT_8106_19970727_4.tif,100,All_TN
TCGA_HT_8106_19970727_5.tif,100,All_TN
TCGA_HT_8106_19970727_6.tif,100,All_TN
TCGA_HT_8106_19970727_7.tif,100,All_TN
TCGA_HT_8106_19970727_8.tif,55.55555555555556,Detect
TCGA_HT_8106_19970727_9.tif,74.56687456687456,Detect
TCGA_HT_8107_19980708_1.tif,100,All_TN
TCGA_HT_8107_19980708_10.tif,79.375,Detect
TCGA_HT_8107_19980708_11.tif,79.08997955010226,Detect
TCGA_HT_8107_19980708_12.tif,82.4163357912649,Detect
TCGA_HT_8107_19980708_13.tif,85.31770512029611,Detect
TCGA_HT_8107_19980708_14.tif,63.580786026200876,Detect
TCGA_HT_8107_19980708_15.tif,100,All_TN
TCGA_HT_8107_19980708_16.tif,100,All_TN
TCGA_HT_8107_19980708_17.tif,100,All_TN
TCGA_HT_8107_19980708_18.tif,100,All_TN
TCGA_HT_8107_19980708_19.tif,100,All_TN
TCGA_HT_8107_19980708_2.tif,100,All_TN
TCGA_HT_8107_19980708_20.tif,100,All_TN
TCGA_HT_8107_19980708_3.tif,0.0,Mis_detect
TCGA_HT_8107_19980708_4.tif,100,All_TN
TCGA_HT_8107_19980708_5.tif,100,All_TN
TCGA_HT_8107_19980708_6.tif,100,All_TN
TCGA_HT_8107_19980708_7.tif,100,All_TN
TCGA_HT_8107_19980708_8.tif,18.412274849899934,Detect
TCGA_HT_8107_19980708_9.tif,59.205190592051906,Detect
TCGA_HT_8111_19980330_1.tif,100,All_TN
TCGA_HT_8111_19980330_10.tif,100,All_TN
TCGA_HT_8111_19980330_11.tif,100,All_TN
TCGA_HT_8111_19980330_12.tif,100,All_TN
TCGA_HT_8111_19980330_13.tif,100,All_TN
TCGA_HT_8111_19980330_14.tif,86.72397325692455,Detect
TCGA_HT_8111_19980330_15.tif,90.37249283667622,Detect
TCGA_HT_8111_19980330_16.tif,92.36143455985095,Detect
TCGA_HT_8111_19980330_17.tif,89.89945155393053,Detect
TCGA_HT_8111_19980330_18.tif,90.12485811577753,Detect
TCGA_HT_8111_19980330_19.tif,71.51515151515152,Detect
TCGA_HT_8111_19980330_2.tif,100,All_TN
TCGA_HT_8111_19980330_20.tif,71.89292543021033,Detect
TCGA_HT_8111_19980330_21.tif,100,All_TN
TCGA_HT_8111_19980330_22.tif,100,All_TN
TCGA_HT_8111_19980330_3.tif,100,All_TN
TCGA_HT_8111_19980330_4.tif,100,All_TN
TCGA_HT_8111_19980330_5.tif,100,All_TN
TCGA_HT_8111_19980330_6.tif,100,All_TN
TCGA_HT_8111_19980330_7.tif,100,All_TN
TCGA_HT_8111_19980330_8.tif,100,All_TN
TCGA_HT_8111_19980330_9.tif,100,All_TN
TCGA_HT_8113_19930809_1.tif,100,All_TN
TCGA_HT_8113_19930809_10.tif,100,All_TN
TCGA_HT_8113_19930809_11.tif,100,All_TN
TCGA_HT_8113_19930809_12.tif,0.0,No_detect
TCGA_HT_8113_19930809_13.tif,49.76190476190476,Detect
TCGA_HT_8113_19930809_14.tif,64.09985935302392,Detect
TCGA_HT_8113_19930809_15.tif,53.6318407960199,Detect
TCGA_HT_8113_19930809_16.tif,59.2388306674021,Detect
TCGA_HT_8113_19930809_17.tif,68.80510793554272,Detect
TCGA_HT_8113_19930809_18.tif,62.17829168220813,Detect
TCGA_HT_8113_19930809_19.tif,45.958168456755224,Detect
TCGA_HT_8113_19930809_2.tif,100,All_TN
TCGA_HT_8113_19930809_20.tif,40.155728587319246,Detect
TCGA_HT_8113_19930809_21.tif,100,All_TN
TCGA_HT_8113_19930809_3.tif,100,All_TN
TCGA_HT_8113_19930809_4.tif,100,All_TN
TCGA_HT_8113_19930809_5.tif,100,All_TN
TCGA_HT_8113_19930809_6.tif,100,All_TN
TCGA_HT_8113_19930809_7.tif,100,All_TN
TCGA_HT_8113_19930809_8.tif,100,All_TN
TCGA_HT_8113_19930809_9.tif,100,All_TN
TCGA_HT_8114_19981030_1.tif,0.0,Mis_detect
TCGA_HT_8114_19981030_10.tif,55.2901023890785,Detect
TCGA_HT_8114_19981030_11.tif,81.54425612052731,Detect
TCGA_HT_8114_19981030_12.tif,90.26081214922417,Detect
TCGA_HT_8114_19981030_13.tif,86.77443056576047,Detect
TCGA_HT_8114_19981030_14.tif,94.60367218987909,Detect
TCGA_HT_8114_19981030_15.tif,92.23966393986292,Detect
TCGA_HT_8114_19981030_16.tif,93.37081283672991,Detect
TCGA_HT_8114_19981030_17.tif,93.64089775561098,Detect
TCGA_HT_8114_19981030_18.tif,93.86594853381209,Detect
TCGA_HT_8114_19981030_19.tif,92.42973708068904,Detect
TCGA_HT_8114_19981030_2.tif,100,All_TN
TCGA_HT_8114_19981030_20.tif,77.32181425485962,Detect
TCGA_HT_8114_19981030_21.tif,100,All_TN
TCGA_HT_8114_19981030_22.tif,100,All_TN
TCGA_HT_8114_19981030_3.tif,100,All_TN
TCGA_HT_8114_19981030_4.tif,100,All_TN
TCGA_HT_8114_19981030_5.tif,100,All_TN
TCGA_HT_8114_19981030_6.tif,100,All_TN
TCGA_HT_8114_19981030_7.tif,100,All_TN
TCGA_HT_8114_19981030_8.tif,100,All_TN
TCGA_HT_8114_19981030_9.tif,100,All_TN
TCGA_HT_8563_19981209_1.tif,100,All_TN
TCGA_HT_8563_19981209_10.tif,68.25948450622647,Detect
TCGA_HT_8563_19981209_11.tif,68.96629213483146,Detect
TCGA_HT_8563_19981209_12.tif,83.04680038204394,Detect
TCGA_HT_8563_19981209_13.tif,90.40232670867668,Detect
TCGA_HT_8563_19981209_14.tif,58.26271186440678,Detect
TCGA_HT_8563_19981209_15.tif,84.91471215351812,Detect
TCGA_HT_8563_19981209_16.tif,74.10586552217453,Detect
TCGA_HT_8563_19981209_17.tif,100,All_TN
TCGA_HT_8563_19981209_18.tif,100,All_TN
TCGA_HT_8563_19981209_19.tif,100,All_TN
TCGA_HT_8563_19981209_2.tif,100,All_TN
TCGA_HT_8563_19981209_20.tif,100,All_TN
TCGA_HT_8563_19981209_21.tif,100,All_TN
TCGA_HT_8563_19981209_22.tif,100,All_TN
TCGA_HT_8563_19981209_23.tif,100,All_TN
TCGA_HT_8563_19981209_3.tif,100,All_TN
TCGA_HT_8563_19981209_4.tif,100,All_TN
TCGA_HT_8563_19981209_5.tif,100,All_TN
TCGA_HT_8563_19981209_6.tif,100,All_TN
TCGA_HT_8563_19981209_7.tif,100,All_TN
TCGA_HT_8563_19981209_8.tif,17.6853055916775,Detect
TCGA_HT_8563_19981209_9.tif,80.52395725611858,Detect
TCGA_HT_A5RC_19990831_1.tif,100,All_TN
TCGA_HT_A5RC_19990831_10.tif,100,All_TN
TCGA_HT_A5RC_19990831_11.tif,100,All_TN
TCGA_HT_A5RC_19990831_12.tif,100,All_TN
TCGA_HT_A5RC_19990831_13.tif,100,All_TN
TCGA_HT_A5RC_19990831_14.tif,100,All_TN
TCGA_HT_A5RC_19990831_15.tif,0.0,No_detect
TCGA_HT_A5RC_19990831_16.tif,0.0,No_detect
TCGA_HT_A5RC_19990831_17.tif,71.31642512077295,Detect
TCGA_HT_A5RC_19990831_18.tif,71.45969498910677,Detect
TCGA_HT_A5RC_19990831_19.tif,0.0,No_detect
TCGA_HT_A5RC_19990831_2.tif,100,All_TN
TCGA_HT_A5RC_19990831_20.tif,0.0,No_detect
TCGA_HT_A5RC_19990831_21.tif,0.0,No_detect
TCGA_HT_A5RC_19990831_22.tif,0.0,NoMis_detect
TCGA_HT_A5RC_19990831_23.tif,0.0,No_detect
TCGA_HT_A5RC_19990831_24.tif,0.0,No_detect
TCGA_HT_A5RC_19990831_25.tif,0.0,No_detect
TCGA_HT_A5RC_19990831_26.tif,0.0,No_detect
TCGA_HT_A5RC_19990831_27.tif,0.0,No_detect
TCGA_HT_A5RC_19990831_28.tif,0.0,No_detect
TCGA_HT_A5RC_19990831_29.tif,68.22033898305084,Detect
TCGA_HT_A5RC_19990831_3.tif,100,All_TN
TCGA_HT_A5RC_19990831_30.tif,100,All_TN
TCGA_HT_A5RC_19990831_31.tif,100,All_TN
TCGA_HT_A5RC_19990831_32.tif,100,All_TN
TCGA_HT_A5RC_19990831_4.tif,100,All_TN
TCGA_HT_A5RC_19990831_5.tif,100,All_TN
TCGA_HT_A5RC_19990831_6.tif,100,All_TN
TCGA_HT_A5RC_19990831_7.tif,100,All_TN
TCGA_HT_A5RC_19990831_8.tif,100,All_TN
TCGA_HT_A5RC_19990831_9.tif,100,All_TN
TCGA_HT_A616_19991226_1.tif,100,All_TN
TCGA_HT_A616_19991226_10.tif,100,All_TN
TCGA_HT_A616_19991226_11.tif,100,All_TN
TCGA_HT_A616_19991226_12.tif,0.0,No_detect
TCGA_HT_A616_19991226_13.tif,69.83944954128441,Detect
TCGA_HT_A616_19991226_14.tif,68.85017421602787,Detect
TCGA_HT_A616_19991226_15.tif,71.37232845894263,Detect
TCGA_HT_A616_19991226_16.tif,87.53129694541812,Detect
TCGA_HT_A616_19991226_17.tif,88.72691933916424,Detect
TCGA_HT_A616_19991226_18.tif,87.93296089385476,Detect
TCGA_HT_A616_19991226_19.tif,73.13432835820896,Detect
TCGA_HT_A616_19991226_2.tif,100,All_TN
TCGA_HT_A616_19991226_20.tif,76.08695652173914,Detect
TCGA_HT_A616_19991226_21.tif,57.21925133689839,Detect
TCGA_HT_A616_19991226_22.tif,0.0,No_detect
TCGA_HT_A616_19991226_23.tif,100,All_TN
TCGA_HT_A616_19991226_24.tif,100,All_TN
TCGA_HT_A616_19991226_25.tif,100,All_TN
TCGA_HT_A616_19991226_26.tif,100,All_TN
TCGA_HT_A616_19991226_27.tif,100,All_TN
TCGA_HT_A616_19991226_28.tif,100,All_TN
TCGA_HT_A616_19991226_3.tif,100,All_TN
TCGA_HT_A616_19991226_4.tif,100,All_TN
TCGA_HT_A616_19991226_5.tif,100,All_TN
TCGA_HT_A616_19991226_6.tif,100,All_TN
TCGA_HT_A616_19991226_7.tif,100,All_TN
TCGA_HT_A616_19991226_8.tif,100,All_TN
TCGA_HT_A616_19991226_9.tif,100,All_TN
TCGA_HT_A61A_20000127_1.tif,100,All_TN
TCGA_HT_A61A_20000127_10.tif,100,All_TN
TCGA_HT_A61A_20000127_11.tif,100,All_TN
TCGA_HT_A61A_20000127_12.tif,100,All_TN
TCGA_HT_A61A_20000127_13.tif,100,All_TN
TCGA_HT_A61A_20000127_14.tif,100,All_TN
TCGA_HT_A61A_20000127_15.tif,100,All_TN
TCGA_HT_A61A_20000127_16.tif,100,All_TN
TCGA_HT_A61A_20000127_17.tif,100,All_TN
TCGA_HT_A61A_20000127_18.tif,100,All_TN
TCGA_HT_A61A_20000127_19.tif,100,All_TN
TCGA_HT_A61A_20000127_2.tif,100,All_TN
TCGA_HT_A61A_20000127_20.tif,100,All_TN
TCGA_HT_A61A_20000127_21.tif,100,All_TN
TCGA_HT_A61A_20000127_22.tif,5.6521739130434785,Detect
TCGA_HT_A61A_20000127_23.tif,14.096916299559473,Detect
TCGA_HT_A61A_20000127_24.tif,35.06172839506173,Detect
TCGA_HT_A61A_20000127_25.tif,53.433208489388264,Detect
TCGA_HT_A61A_20000127_26.tif,67.46231155778895,Detect
TCGA_HT_A61A_20000127_27.tif,78.82775119617224,Detect
TCGA_HT_A61A_20000127_28.tif,55.669050051072524,Detect
TCGA_HT_A61A_20000127_29.tif,46.81238615664845,Detect
TCGA_HT_A61A_20000127_3.tif,100,All_TN
TCGA_HT_A61A_20000127_30.tif,63.39541547277937,Detect
TCGA_HT_A61A_20000127_31.tif,69.69014084507043,Detect
TCGA_HT_A61A_20000127_32.tif,79.83357807146353,Detect
TCGA_HT_A61A_20000127_33.tif,79.68682035667682,Detect
TCGA_HT_A61A_20000127_34.tif,61.71971889210418,Detect
TCGA_HT_A61A_20000127_35.tif,80.38800705467372,Detect
TCGA_HT_A61A_20000127_36.tif,80.04362050163577,Detect
TCGA_HT_A61A_20000127_37.tif,85.82649053909319,Detect
TCGA_HT_A61A_20000127_38.tif,80.76131687242798,Detect
TCGA_HT_A61A_20000127_39.tif,73.8255033557047,Detect
TCGA_HT_A61A_20000127_4.tif,100,All_TN
TCGA_HT_A61A_20000127_40.tif,77.99043062200957,Detect
TCGA_HT_A61A_20000127_41.tif,82.1716801173881,Detect
TCGA_HT_A61A_20000127_42.tif,61.52677554120775,Detect
TCGA_HT_A61A_20000127_43.tif,84.99641062455133,Detect
TCGA_HT_A61A_20000127_44.tif,83.18181818181817,Detect
TCGA_HT_A61A_20000127_45.tif,85.44617563739378,Detect
TCGA_HT_A61A_20000127_46.tif,82.62370540851553,Detect
TCGA_HT_A61A_20000127_47.tif,78.25020441537204,Detect
TCGA_HT_A61A_20000127_48.tif,84.28874734607218,Detect
TCGA_HT_A61A_20000127_49.tif,0.0,No_detect
TCGA_HT_A61A_20000127_5.tif,100,All_TN
TCGA_HT_A61A_20000127_50.tif,80.23733455043359,Detect
TCGA_HT_A61A_20000127_51.tif,79.32535364526659,Detect
TCGA_HT_A61A_20000127_52.tif,78.5128805620609,Detect
TCGA_HT_A61A_20000127_53.tif,87.01298701298701,Detect
TCGA_HT_A61A_20000127_54.tif,86.96947133283693,Detect
TCGA_HT_A61A_20000127_55.tif,81.34135855546002,Detect
TCGA_HT_A61A_20000127_56.tif,64.9624060150376,Detect
TCGA_HT_A61A_20000127_57.tif,0.0,No_detect
TCGA_HT_A61A_20000127_58.tif,0.0,No_detect
TCGA_HT_A61A_20000127_59.tif,100,All_TN
TCGA_HT_A61A_20000127_6.tif,100,All_TN
TCGA_HT_A61A_20000127_60.tif,100,All_TN
TCGA_HT_A61A_20000127_61.tif,100,All_TN
TCGA_HT_A61A_20000127_62.tif,100,All_TN
TCGA_HT_A61A_20000127_63.tif,100,All_TN
TCGA_HT_A61A_20000127_64.tif,100,All_TN
TCGA_HT_A61A_20000127_65.tif,100,All_TN
TCGA_HT_A61A_20000127_66.tif,100,All_TN
TCGA_HT_A61A_20000127_67.tif,100,All_TN
TCGA_HT_A61A_20000127_68.tif,100,All_TN
TCGA_HT_A61A_20000127_69.tif,100,All_TN
TCGA_HT_A61A_20000127_7.tif,100,All_TN
TCGA_HT_A61A_20000127_70.tif,100,All_TN
TCGA_HT_A61A_20000127_71.tif,100,All_TN
TCGA_HT_A61A_20000127_72.tif,100,All_TN
TCGA_HT_A61A_20000127_73.tif,100,All_TN
TCGA_HT_A61A_20000127_74.tif,100,All_TN
TCGA_HT_A61A_20000127_75.tif,0.0,Mis_detect
TCGA_HT_A61A_20000127_76.tif,100,All_TN
TCGA_HT_A61A_20000127_77.tif,100,All_TN
TCGA_HT_A61A_20000127_78.tif,100,All_TN
TCGA_HT_A61A_20000127_79.tif,100,All_TN
TCGA_HT_A61A_20000127_8.tif,100,All_TN
TCGA_HT_A61A_20000127_80.tif,100,All_TN
TCGA_HT_A61A_20000127_81.tif,100,All_TN
TCGA_HT_A61A_20000127_82.tif,100,All_TN
TCGA_HT_A61A_20000127_83.tif,100,All_TN
TCGA_HT_A61A_20000127_84.tif,100,All_TN
TCGA_HT_A61A_20000127_85.tif,100,All_TN
TCGA_HT_A61A_20000127_86.tif,100,All_TN
TCGA_HT_A61A_20000127_87.tif,100,All_TN
TCGA_HT_A61A_20000127_88.tif,100,All_TN
TCGA_HT_A61A_20000127_9.tif,100,All_TN
TCGA_HT_A61B_19991127_1.tif,100,All_TN
TCGA_HT_A61B_19991127_10.tif,100,All_TN
TCGA_HT_A61B_19991127_11.tif,100,All_TN
TCGA_HT_A61B_19991127_12.tif,100,All_TN
TCGA_HT_A61B_19991127_13.tif,100,All_TN
TCGA_HT_A61B_19991127_14.tif,100,All_TN
TCGA_HT_A61B_19991127_15.tif,100,All_TN
TCGA_HT_A61B_19991127_16.tif,100,All_TN
TCGA_HT_A61B_19991127_17.tif,100,All_TN
TCGA_HT_A61B_19991127_18.tif,100,All_TN
TCGA_HT_A61B_19991127_19.tif,100,All_TN
TCGA_HT_A61B_19991127_2.tif,100,All_TN
TCGA_HT_A61B_19991127_20.tif,100,All_TN
TCGA_HT_A61B_19991127_21.tif,100,All_TN
TCGA_HT_A61B_19991127_22.tif,100,All_TN
TCGA_HT_A61B_19991127_23.tif,100,All_TN
TCGA_HT_A61B_19991127_24.tif,100,All_TN
TCGA_HT_A61B_19991127_25.tif,0.0,No_detect
TCGA_HT_A61B_19991127_26.tif,13.326226012793176,Detect
TCGA_HT_A61B_19991127_27.tif,17.200365965233303,Detect
TCGA_HT_A61B_19991127_28.tif,48.217317487266556,Detect
TCGA_HT_A61B_19991127_29.tif,71.68576104746317,Detect
TCGA_HT_A61B_19991127_3.tif,100,All_TN
TCGA_HT_A61B_19991127_30.tif,60.483870967741936,Detect
TCGA_HT_A61B_19991127_31.tif,52.90482076637824,Detect
TCGA_HT_A61B_19991127_32.tif,78.83131201764057,Detect
TCGA_HT_A61B_19991127_33.tif,85.07772020725388,Detect
TCGA_HT_A61B_19991127_34.tif,78.16482582837723,Detect
TCGA_HT_A61B_19991127_35.tif,85.0040749796251,Detect
TCGA_HT_A61B_19991127_36.tif,86.82228915662651,Detect
TCGA_HT_A61B_19991127_37.tif,88.51454823889739,Detect
TCGA_HT_A61B_19991127_38.tif,85.52821997105644,Detect
TCGA_HT_A61B_19991127_39.tif,77.78477029578352,Detect
TCGA_HT_A61B_19991127_4.tif,100,All_TN
TCGA_HT_A61B_19991127_40.tif,79.12593444508337,Detect
TCGA_HT_A61B_19991127_41.tif,82.45901639344262,Detect
TCGA_HT_A61B_19991127_42.tif,85.10292524377031,Detect
TCGA_HT_A61B_19991127_43.tif,83.77464788732394,Detect
TCGA_HT_A61B_19991127_44.tif,84.25047438330171,Detect
TCGA_HT_A61B_19991127_45.tif,81.42857142857143,Detect
TCGA_HT_A61B_19991127_46.tif,80.51027639971652,Detect
TCGA_HT_A61B_19991127_47.tif,57.2119258662369,Detect
TCGA_HT_A61B_19991127_48.tif,28.9906103286385,Detect
TCGA_HT_A61B_19991127_49.tif,0.0,No_detect
TCGA_HT_A61B_19991127_5.tif,100,All_TN
TCGA_HT_A61B_19991127_50.tif,100,All_TN
TCGA_HT_A61B_19991127_51.tif,100,All_TN
TCGA_HT_A61B_19991127_52.tif,100,All_TN
TCGA_HT_A61B_19991127_53.tif,100,All_TN
TCGA_HT_A61B_19991127_54.tif,100,All_TN
TCGA_HT_A61B_19991127_55.tif,100,All_TN
TCGA_HT_A61B_19991127_56.tif,100,All_TN
TCGA_HT_A61B_19991127_57.tif,100,All_TN
TCGA_HT_A61B_19991127_58.tif,100,All_TN
TCGA_HT_A61B_19991127_59.tif,100,All_TN
TCGA_HT_A61B_19991127_6.tif,100,All_TN
TCGA_HT_A61B_19991127_60.tif,100,All_TN
TCGA_HT_A61B_19991127_61.tif,100,All_TN
TCGA_HT_A61B_19991127_62.tif,100,All_TN
TCGA_HT_A61B_19991127_63.tif,100,All_TN
TCGA_HT_A61B_19991127_64.tif,100,All_TN
TCGA_HT_A61B_19991127_65.tif,100,All_TN
TCGA_HT_A61B_19991127_66.tif,100,All_TN
TCGA_HT_A61B_19991127_67.tif,100,All_TN
TCGA_HT_A61B_19991127_68.tif,100,All_TN
TCGA_HT_A61B_19991127_69.tif,100,All_TN
TCGA_HT_A61B_19991127_7.tif,100,All_TN
TCGA_HT_A61B_19991127_70.tif,100,All_TN
TCGA_HT_A61B_19991127_71.tif,100,All_TN
TCGA_HT_A61B_19991127_72.tif,100,All_TN
TCGA_HT_A61B_19991127_73.tif,100,All_TN
TCGA_HT_A61B_19991127_74.tif,100,All_TN
TCGA_HT_A61B_19991127_75.tif,100,All_TN
TCGA_HT_A61B_19991127_76.tif,100,All_TN
TCGA_HT_A61B_19991127_77.tif,100,All_TN
TCGA_HT_A61B_19991127_78.tif,100,All_TN
TCGA_HT_A61B_19991127_79.tif,100,All_TN
TCGA_HT_A61B_19991127_8.tif,100,All_TN
TCGA_HT_A61B_19991127_80.tif,100,All_TN
TCGA_HT_A61B_19991127_81.tif,100,All_TN
TCGA_HT_A61B_19991127_82.tif,100,All_TN
TCGA_HT_A61B_19991127_83.tif,100,All_TN
TCGA_HT_A61B_19991127_84.tif,100,All_TN
TCGA_HT_A61B_19991127_85.tif,100,All_TN
TCGA_HT_A61B_19991127_86.tif,100,All_TN
TCGA_HT_A61B_19991127_87.tif,100,All_TN
TCGA_HT_A61B_19991127_88.tif,100,All_TN
TCGA_HT_A61B_19991127_9.tif,100,All_TN
avg iou,71.84833569145093,
